Maths,Marivaux,Pascal,Ivanovic,Boris,9
Maths,Marivaux,Pascal,Graus,Maria,19
Maths,Marivaux,Pascal,Von Burg,Pete,14
Maths,Marivaux,Pascal,Wilson,Jane,15
Maths,Marivaux,Pascal,Smith,Bob,17
Maths,Marivaux,Pascal,Ivanovic,Boris,11
Maths,Marivaux,Pascal,Graus,Maria,20
Maths,Marivaux,Pascal,Parker,Peter,8
Maths,Marivaux,Pascal,Von Burg,Pete,9
Maths,Marivaux,Pascal,Wilson,Jane,10
Maths,Marivaux,Pascal,Smith,Bob,17
IT,Marivaux,Pascal,Ivanovic,Boris,9
IT,Marivaux,Pascal,Graus,Maria,19
IT,Marivaux,Pascal,Von Burg,Pete,14
IT,Marivaux,Pascal,Wilson,Jane,15
IT,Marivaux,Pascal,Smith,Bob,17
IT,Marivaux,Pascal,Ivanovic,Boris,11
IT,Marivaux,Pascal,Graus,Maria,20
IT,Marivaux,Pascal,Parker,Peter,8
IT,Marivaux,Pascal,Von Burg,Pete,9
IT,Marivaux,Pascal,Wilson,Jane,10
IT,Marivaux,Pascal,Smith,Bob,17